<?xml version="1.0" encoding="UTF-8"?>
<suppressions xmlns="https://jeremylong.github.io/DependencyCheck/dependency-suppression.1.1.xsd">
    
    <!-- Suppress CVE-2023-33201 for bcprov-jdk15on-1.70.jar -->
    <suppress>
        <notes>Suppressing known vulnerability in Bouncy Castle before version 1.74</notes>
        <cvssBelow>6.0</cvssBelow>
        <cve>CVE-2023-33201</cve>
        <packageUrl>pkg:maven/org.bouncycastle/bcprov-jdk15on@1.70</packageUrl>
    </suppress>

    <!-- Suppress CVE-2023-6378 for logback-core-1.2.12.jar -->
    <suppress>
        <notes>Suppressing logback-core deserialization vulnerability</notes>
        <cvssBelow>7.0</cvssBelow>
        <cve>CVE-2023-6378</cve>
        <packageUrl>pkg:maven/ch.qos.logback/logback-core@1.2.12</packageUrl>
    </suppress>

    <!-- Suppress CVE-2023-44487 for tomcat-embed-core-9.0.80.jar -->
    <suppress>
        <notes>Suppressing Tomcat HTTP/2 Rapid Reset Attack vulnerability</notes>
        <cvssBelow>6.5</cvssBelow>
        <cve>CVE-2023-44487</cve>
        <packageUrl>pkg:maven/org.apache.tomcat.embed/tomcat-embed-core@9.0.80</packageUrl>
    </suppress>

    <!-- Suppress CVE-2024-34447 for bcprov-jdk15on-1.70.jar -->
    <suppress>
        <notes>Suppressing known issue in Bouncy Castle certificate validation</notes>
        <cvssBelow>5.5</cvssBelow>
        <cve>CVE-2024-34447</cve>
        <packageUrl>pkg:maven/org.bouncycastle/bcprov-jdk15on@1.70</packageUrl>
    </suppress>

</suppressions>
